shipmentName, product, source, destination, weight, cubic, qty, status, comment, pickupTime, deliveryTime, pickupDateTimeLocal, deliveryDateTimeLocal, earliestPickupTime, latestPickupTime, earliestDeliveryTIme, latestDeliveryTime, routeID, routeStartTime, pickupSequenceID, deliverySequenceID, assetID, assetName, assetSiteName, routeSequenceID, hubUsed, directShipmentCost, costToRoute, allocatedCost, serviceDays, pvrpVisitSequenceID, debugRouteID, clusterID, compartmentID, decompositionId
"94684","FG_01","DC_1","cz_7",,,87.00,"Routed",,02/05/2016 06:29,02/05/2016 09:56,02/05/2016 06:29,02/05/2016 09:56,01/01/2016 00:00,02/06/2016 20:32,02/03/2016 00:00,02/06/2016 23:59,"000001",02/05/2016 06:29,"1","2","000001","Truck","DC_1",,,,338.25,771.34,35.41,,"15175","0",,
"93718","FG_01","DC_1","cz_8",,,97.00,"Routed",,02/05/2016 06:29,02/05/2016 17:09,02/05/2016 06:29,02/05/2016 17:09,01/01/2016 00:00,02/05/2016 17:55,02/02/2016 00:00,02/05/2016 23:59,"000001",02/05/2016 06:29,"1","3","000001","Truck","DC_1",,,,,468.02,35.71,,"15175","0",,
"94749","FG_01","DC_1","cz_8",,,86.00,"Routed",,02/05/2016 06:29,02/05/2016 17:09,02/05/2016 06:29,02/05/2016 17:09,01/01/2016 00:00,02/08/2016 17:55,02/05/2016 00:00,02/08/2016 23:59,"000001",02/05/2016 06:29,"1","3","000001","Truck","DC_1",,,,,414.94,35.71,,"15175","0",,
"95264","FG_01","DC_1","cz_2",,,78.00,"Routed",,02/05/2016 06:29,02/06/2016 00:00,02/05/2016 06:29,02/06/2016 00:00,01/01/2016 00:00,02/06/2016 18:15,02/03/2016 00:00,02/06/2016 23:59,"000001",02/05/2016 06:29,"1","4","000001","Truck","DC_1",,,,,376.34,36.00,,"15175","0",,
"94511","FG_01","DC_1","cz_2",,,89.00,"Routed",,02/05/2016 06:29,02/06/2016 00:00,02/05/2016 06:29,02/06/2016 00:00,01/01/2016 00:00,02/09/2016 18:15,02/06/2016 00:00,02/09/2016 23:59,"000001",02/05/2016 06:29,"1","4","000001","Truck","DC_1",,,,,429.42,36.00,,"15175","0",,
"94038","FG_01","DC_1","cz_2",,,94.00,"Routed",,03/30/2016 18:16,03/31/2016 00:00,03/30/2016 18:16,03/31/2016 00:00,01/01/2016 00:00,03/31/2016 18:15,03/28/2016 00:00,03/31/2016 23:59,"000002",03/30/2016 18:16,"1","2","000002","Truck","DC_1",,,,,554.62,90.00,,"15176","0",,
"93550","FG_01","DC_1","cz_2",,,99.00,"Routed",,03/30/2016 18:16,03/31/2016 00:00,03/30/2016 18:16,03/31/2016 00:00,01/01/2016 00:00,04/03/2016 18:15,03/31/2016 00:00,04/03/2016 23:59,"000002",03/30/2016 18:16,"1","2","000002","Truck","DC_1",,,,,584.13,90.00,,"15176","0",,
"94040","FG_01","DC_1","cz_8",,,94.00,"Routed",,03/30/2016 18:16,03/31/2016 06:50,03/30/2016 18:16,03/31/2016 06:50,01/01/2016 00:00,04/03/2016 17:55,03/31/2016 00:00,04/03/2016 23:59,"000002",03/30/2016 18:16,"1","3","000002","Truck","DC_1",,,,486.67,960.70,90.29,,"15176","0",,
"93645","FG_01","DC_1","cz_7",,,98.00,"Routed",,03/22/2016 20:33,03/23/2016 00:00,03/22/2016 20:33,03/23/2016 00:00,01/01/2016 00:00,03/26/2016 20:32,03/23/2016 00:00,03/26/2016 23:59,"000003",03/22/2016 20:33,"1","2","000003","Truck","DC_1",,,,485.75,1020.59,82.00,,"15177","0",,
"94252","FG_01","DC_1","cz_2",,,92.00,"Routed",,03/22/2016 20:33,03/23/2016 09:06,03/22/2016 20:33,03/23/2016 09:06,01/01/2016 00:00,03/25/2016 18:15,03/22/2016 00:00,03/25/2016 23:59,"000003",03/22/2016 20:33,"1","3","000003","Truck","DC_1",,,,635.89,1077.94,82.38,,"15177","0",,
"93629","FG_01","DC_1","cz_2",,,98.00,"Routed",,01/18/2016 18:16,01/19/2016 00:00,01/18/2016 18:16,01/19/2016 00:00,01/01/2016 00:00,01/22/2016 18:15,01/19/2016 00:00,01/22/2016 23:59,"000004",01/18/2016 18:16,"1","2","000004","Truck","DC_1",,,,464.31,1056.74,18.00,,"15178","0",,
"94024","FG_01","DC_1","cz_8",,,94.00,"Routed",,01/18/2016 18:16,01/19/2016 06:50,01/18/2016 18:16,01/19/2016 06:50,01/01/2016 00:00,01/21/2016 17:55,01/18/2016 00:00,01/21/2016 23:59,"000004",01/18/2016 18:16,"1","3","000004","Truck","DC_1",,,,486.67,1042.71,18.29,,"15178","0",,
"94603","FG_01","DC_1","cz_2",,,88.00,"Routed",,01/02/2016 18:16,01/03/2016 00:00,01/02/2016 18:16,01/03/2016 00:00,01/01/2016 00:00,01/04/2016 18:15,01/01/2016 05:43,01/04/2016 23:59,"000005",01/02/2016 18:16,"1","2","000005","Truck","DC_1",,,,,754.92,2.00,,"15179","0",,
"93434","FG_01","DC_1","cz_2",,,100.00,"Routed",,01/02/2016 18:16,01/03/2016 00:00,01/02/2016 18:16,01/03/2016 00:00,01/01/2016 00:00,01/06/2016 18:15,01/03/2016 00:00,01/06/2016 23:59,"000005",01/02/2016 18:16,"1","2","000005","Truck","DC_1",,,,,857.86,2.00,,"15179","0",,
"94417","FG_01","DC_1","cz_2",,,90.00,"Routed",,02/08/2016 18:16,02/09/2016 00:00,02/08/2016 18:16,02/09/2016 00:00,01/01/2016 00:00,02/12/2016 18:15,02/09/2016 00:00,02/12/2016 23:59,"000006",02/08/2016 18:16,"1","2","000006","Truck","DC_1",,,,464.31,1015.09,39.00,,"15180","0",,
"93721","FG_01","DC_1","cz_8",,,97.00,"Routed",,02/08/2016 18:16,02/09/2016 06:50,02/08/2016 18:16,02/09/2016 06:50,01/01/2016 00:00,02/12/2016 17:55,02/09/2016 00:00,02/12/2016 23:59,"000006",02/08/2016 18:16,"1","3","000006","Truck","DC_1",,,,486.67,1084.36,39.29,,"15180","0",,
"93449","FG_01","DC_1","cz_7",,,100.00,"Routed",,03/06/2016 20:33,03/07/2016 00:00,03/06/2016 20:33,03/07/2016 00:00,01/01/2016 00:00,03/10/2016 20:32,03/07/2016 00:00,03/10/2016 23:59,"000007",03/06/2016 20:33,"1","2","000007","Truck","DC_1",,,,1462.64,1462.64,66.00,,"15181","0",,
"94936","FG_01","DC_1","cz_7",,,83.00,"Routed",,02/17/2016 13:20,02/17/2016 16:47,02/17/2016 13:20,02/17/2016 16:47,01/01/2016 00:00,02/18/2016 20:32,02/15/2016 00:00,02/18/2016 23:59,"000008",02/17/2016 13:20,"1","2","000008","Truck","DC_1",,,,338.25,699.36,47.70,,"15182","0",,
"93638","FG_01","DC_1","cz_8",,,98.00,"Routed",,02/17/2016 13:20,02/18/2016 00:00,02/17/2016 13:20,02/18/2016 00:00,01/01/2016 00:00,02/18/2016 17:55,02/15/2016 00:00,02/18/2016 23:59,"000008",02/17/2016 13:20,"1","3","000008","Truck","DC_1",,,,,481.43,48.00,,"15182","0",,
"94420","FG_01","DC_1","cz_8",,,90.00,"Routed",,02/17/2016 13:20,02/18/2016 00:00,02/17/2016 13:20,02/18/2016 00:00,01/01/2016 00:00,02/21/2016 17:55,02/18/2016 00:00,02/21/2016 23:59,"000008",02/17/2016 13:20,"1","3","000008","Truck","DC_1",,,,,442.13,48.00,,"15182","0",,
"94814","FG_01","DC_1","cz_2",,,85.00,"Routed",,02/17/2016 13:20,02/18/2016 06:50,02/17/2016 13:20,02/18/2016 06:50,01/01/2016 00:00,02/18/2016 18:15,02/15/2016 00:00,02/18/2016 23:59,"000008",02/17/2016 13:20,"1","4","000008","Truck","DC_1",,,,486.67,837.14,48.29,,"15182","0",,
"94604","FG_01","DC_1","cz_7",,,88.00,"Routed",,01/06/2016 00:00,01/06/2016 03:26,01/06/2016 00:00,01/06/2016 03:26,01/01/2016 00:00,01/06/2016 20:32,01/03/2016 00:00,01/06/2016 23:59,"000009",01/05/2016 23:59,"1","2","000009","Truck","DC_1",,,,,392.60,5.14,,"15183","0",,
"94124","FG_01","DC_1","cz_7",,,93.00,"Routed",,01/06/2016 00:00,01/06/2016 03:26,01/06/2016 00:00,01/06/2016 03:26,01/01/2016 00:00,01/09/2016 20:32,01/06/2016 00:00,01/09/2016 23:59,"000009",01/05/2016 23:59,"1","2","000009","Truck","DC_1",,,,,414.91,5.14,,"15183","0",,
"94501","FG_01","DC_1","cz_8",,,89.00,"Routed",,01/06/2016 00:00,01/06/2016 10:39,01/06/2016 00:00,01/06/2016 10:39,01/01/2016 00:00,01/07/2016 17:55,01/04/2016 00:00,01/07/2016 23:59,"000009",01/05/2016 23:59,"1","3","000009","Truck","DC_1",,,,361.53,769.19,5.44,,"15183","0",,
"93627","FG_01","DC_1","cz_2",,,98.00,"Routed",,01/06/2016 00:00,01/08/2016 00:00,01/06/2016 00:00,01/08/2016 00:00,01/01/2016 00:00,01/11/2016 18:15,01/08/2016 00:00,01/11/2016 23:59,"000009",01/05/2016 23:59,"1","4","000009","Truck","DC_1",,,,,437.22,5.73,,"15183","0",,
"93436","FG_01","DC_1","cz_2",,,100.00,"Routed",,01/06/2016 00:00,01/08/2016 00:00,01/06/2016 00:00,01/08/2016 00:00,01/01/2016 00:00,01/09/2016 18:15,01/06/2016 00:00,01/09/2016 23:59,"000009",01/05/2016 23:59,"1","4","000009","Truck","DC_1",,,,,446.14,5.73,,"15183","0",,
"93474","FG_01","DC_1","cz_7",,,100.00,"Routed",,11/28/2016 20:33,11/29/2016 00:00,11/28/2016 20:33,11/29/2016 00:00,01/01/2016 00:00,12/02/2016 20:32,11/29/2016 00:00,12/02/2016 23:59,"000010",11/28/2016 20:33,"1","2","000010","Truck","DC_1",,,,1462.64,1462.64,333.00,,"15184","0",,
"93351","FG_01","DC_1","cz_7",,,301.00,"Routed",,10/02/2016 20:33,10/03/2016 00:00,10/02/2016 20:33,10/03/2016 00:00,01/01/2016 00:00,10/06/2016 20:32,10/03/2016 00:00,10/06/2016 23:59,"000011",10/02/2016 20:33,"1","2","000011","Truck","DC_1",,,,1462.64,1462.64,276.00,,"15185","0",,
"93743","FG_01","DC_1","cz_8",,,97.00,"Routed",,05/17/2016 17:56,05/18/2016 00:00,05/17/2016 17:56,05/18/2016 00:00,01/01/2016 00:00,05/21/2016 17:55,05/18/2016 00:00,05/21/2016 23:59,"000012",05/17/2016 17:56,"1","2","000012","Truck","DC_1",,,,1635.14,1635.14,138.00,,"15186","0",,
"93639","FG_01","DC_1","cz_7",,,98.00,"Routed",,02/19/2016 20:33,02/20/2016 00:00,02/19/2016 20:33,02/20/2016 00:00,01/01/2016 00:00,02/23/2016 20:32,02/20/2016 00:00,02/23/2016 23:59,"000013",02/19/2016 20:33,"1","2","000013","Truck","DC_1",,,,485.75,1024.28,50.00,,"15187","0",,
"94326","FG_01","DC_1","cz_2",,,91.00,"Routed",,02/19/2016 20:33,02/20/2016 09:06,02/19/2016 20:33,02/20/2016 09:06,01/01/2016 00:00,02/22/2016 18:15,02/19/2016 00:00,02/22/2016 23:59,"000013",02/19/2016 20:33,"1","3","000013","Truck","DC_1",,,,635.89,1074.25,50.38,,"15187","0",,
"94755","FG_01","DC_1","cz_7",,,86.00,"Routed",,04/08/2016 20:33,04/09/2016 00:00,04/08/2016 20:33,04/09/2016 00:00,01/01/2016 00:00,04/12/2016 20:32,04/09/2016 00:00,04/12/2016 23:59,"000014",04/08/2016 20:33,"1","2","000014","Truck","DC_1",,,,338.25,821.78,99.00,,"15188","0",,
"93933","FG_01","DC_1","cz_8",,,95.00,"Routed",,04/08/2016 20:33,04/09/2016 07:12,04/08/2016 20:33,04/09/2016 07:12,01/01/2016 00:00,04/09/2016 17:55,04/06/2016 00:00,04/09/2016 23:59,"000014",04/08/2016 20:33,"1","3","000014","Truck","DC_1",,,,,578.85,99.30,,"15188","0",,
"94044","FG_01","DC_1","cz_8",,,94.00,"Routed",,04/08/2016 20:33,04/09/2016 07:12,04/08/2016 20:33,04/09/2016 07:12,01/01/2016 00:00,04/12/2016 17:55,04/09/2016 00:00,04/12/2016 23:59,"000014",04/08/2016 20:33,"1","3","000014","Truck","DC_1",,,,,572.76,99.30,,"15188","0",,
"94130","FG_01","DC_1","cz_8",,,93.00,"Routed",,01/24/2016 17:56,01/25/2016 00:00,01/24/2016 17:56,01/25/2016 00:00,01/01/2016 00:00,01/28/2016 17:55,01/25/2016 00:00,01/28/2016 23:59,"000015",01/24/2016 17:56,"1","2","000015","Truck","DC_1",,,,1635.14,1635.14,24.00,,"15189","0",,
"93728","FG_01","DC_1","cz_7",,,97.00,"Routed",,02/26/2016 00:00,02/26/2016 03:26,02/26/2016 00:00,02/26/2016 03:26,01/01/2016 00:00,02/29/2016 20:32,02/26/2016 00:00,02/29/2016 23:59,"000016",02/25/2016 23:59,"1","2","000016","Truck","DC_1",,,,,524.69,56.14,,"15190","0",,
"93447","FG_01","DC_1","cz_8",,,100.00,"Routed",,02/26/2016 00:00,02/26/2016 10:39,02/26/2016 00:00,02/26/2016 10:39,01/01/2016 00:00,02/26/2016 17:55,02/23/2016 00:00,02/26/2016 23:59,"000016",02/25/2016 23:59,"1","3","000016","Truck","DC_1",,,,361.53,913.04,56.44,,"15190","0",,
"93448","FG_01","DC_1","cz_2",,,100.00,"Routed",,02/26/2016 00:00,02/28/2016 00:00,02/26/2016 00:00,02/28/2016 00:00,01/01/2016 00:00,02/28/2016 18:15,02/25/2016 00:00,02/28/2016 23:59,"000016",02/25/2016 23:59,"1","4","000016","Truck","DC_1",,,,,540.92,56.73,,"15190","0",,
"94517","FG_01","DC_1","cz_2",,,89.00,"Routed",,02/26/2016 00:00,02/28/2016 00:00,02/26/2016 00:00,02/28/2016 00:00,01/01/2016 00:00,03/02/2016 18:15,02/28/2016 00:00,03/02/2016 23:59,"000016",02/25/2016 23:59,"1","4","000016","Truck","DC_1",,,,,481.42,56.73,,"15190","0",,
"94256","FG_01","DC_1","cz_7",,,92.00,"Routed",,04/26/2016 20:33,04/27/2016 00:00,04/26/2016 20:33,04/27/2016 00:00,01/01/2016 00:00,04/30/2016 20:32,04/27/2016 00:00,04/30/2016 23:59,"000017",04/26/2016 20:33,"1","2","000017","Truck","DC_1",,,,338.25,783.83,117.00,,"15191","0",,
"93741","FG_01","DC_1","cz_8",,,97.00,"Routed",,04/26/2016 20:33,04/27/2016 07:12,04/26/2016 20:33,04/27/2016 07:12,01/01/2016 00:00,04/30/2016 17:55,04/27/2016 00:00,04/30/2016 23:59,"000017",04/26/2016 20:33,"1","3","000017","Truck","DC_1",,,,361.53,830.18,117.30,,"15191","0",,
"94944","FG_01","DC_1","cz_2",,,83.00,"Routed",,04/26/2016 20:33,04/27/2016 14:03,04/26/2016 20:33,04/27/2016 14:03,01/01/2016 00:00,04/27/2016 18:15,04/24/2016 00:00,04/27/2016 23:59,"000017",04/26/2016 20:33,"1","4","000017","Truck","DC_1",,,,486.67,846.05,117.59,,"15191","0",,
"93739","FG_01","DC_1","cz_2",,,97.00,"Routed",,04/20/2016 18:16,04/21/2016 00:00,04/20/2016 18:16,04/21/2016 00:00,01/01/2016 00:00,04/24/2016 18:15,04/21/2016 00:00,04/24/2016 23:59,"000018",04/20/2016 18:16,"1","2","000018","Truck","DC_1",,,,464.31,1038.18,111.00,,"15192","0",,
"93654","FG_01","DC_1","cz_8",,,98.00,"Routed",,04/20/2016 18:16,04/21/2016 06:50,04/20/2016 18:16,04/21/2016 06:50,01/01/2016 00:00,04/21/2016 17:55,04/18/2016 00:00,04/21/2016 23:59,"000018",04/20/2016 18:16,"1","3","000018","Truck","DC_1",,,,486.67,1061.27,111.29,,"15192","0",,
"93646","FG_01","DC_1","cz_7",,,98.00,"Routed",,04/02/2016 20:33,04/03/2016 00:00,04/02/2016 20:33,04/03/2016 00:00,01/01/2016 00:00,04/06/2016 20:32,04/03/2016 00:00,04/06/2016 23:59,"000019",04/02/2016 20:33,"1","2","000019","Truck","DC_1",,,,1462.64,1462.64,93.00,,"15193","0",,
"93938","FG_01","DC_1","cz_2",,,95.00,"Routed",,05/05/2016 18:16,05/06/2016 00:00,05/05/2016 18:16,05/06/2016 00:00,01/01/2016 00:00,05/06/2016 18:15,05/03/2016 00:00,05/06/2016 23:59,"000020",05/05/2016 18:16,"1","2","000020","Truck","DC_1",,,,,789.76,126.00,,"15194","0",,
"93564","FG_01","DC_1","cz_2",,,99.00,"Routed",,05/05/2016 18:16,05/06/2016 00:00,05/05/2016 18:16,05/06/2016 00:00,01/01/2016 00:00,05/09/2016 18:15,05/06/2016 00:00,05/09/2016 23:59,"000020",05/05/2016 18:16,"1","2","000020","Truck","DC_1",,,,,823.02,126.00,,"15194","0",,
"93670","FG_01","DC_1","cz_2",,,98.00,"Routed",,12/12/2016 18:16,12/13/2016 00:00,12/12/2016 18:16,12/13/2016 00:00,01/01/2016 00:00,12/16/2016 18:15,12/13/2016 00:00,12/16/2016 23:59,"000021",12/12/2016 18:16,"1","2","000021","Truck","DC_1",,,,1612.78,1612.78,347.00,,"15195","0",,
"94809","FG_01","DC_1","cz_8",,,85.00,"Routed",,01/11/2016 17:56,01/12/2016 00:00,01/11/2016 17:56,01/12/2016 00:00,01/01/2016 00:00,01/15/2016 17:55,01/12/2016 00:00,01/15/2016 23:59,"000022",01/11/2016 17:56,"1","2","000022","Truck","DC_1",,,,1635.14,1635.14,11.00,,"15196","0",,
"94053","FG_01","DC_1","cz_2",,,94.00,"Routed",,05/23/2016 18:16,05/24/2016 00:00,05/23/2016 18:16,05/24/2016 00:00,01/01/2016 00:00,05/27/2016 18:15,05/24/2016 00:00,05/27/2016 23:59,"000023",05/23/2016 18:16,"1","2","000023","Truck","DC_1",,,,1612.78,1612.78,144.00,,"15197","0",,
"94142","FG_01","DC_1","cz_2",,,93.00,"Routed",,04/14/2016 18:16,04/15/2016 00:00,04/14/2016 18:16,04/15/2016 00:00,01/01/2016 00:00,04/18/2016 18:15,04/15/2016 00:00,04/18/2016 23:59,"000024",04/14/2016 18:16,"1","2","000024","Truck","DC_1",,,,464.31,1019.51,105.00,,"15198","0",,
"93556","FG_01","DC_1","cz_8",,,99.00,"Routed",,04/14/2016 18:16,04/15/2016 06:50,04/14/2016 18:16,04/15/2016 06:50,01/01/2016 00:00,04/15/2016 17:55,04/12/2016 00:00,04/15/2016 23:59,"000024",04/14/2016 18:16,"1","3","000024","Truck","DC_1",,,,486.67,1079.94,105.29,,"15198","0",,
"95206","FG_01","DC_1","cz_7",,,79.00,"Routed",,03/16/2016 13:20,03/16/2016 16:47,03/16/2016 13:20,03/16/2016 16:47,01/01/2016 00:00,03/19/2016 20:32,03/16/2016 00:00,03/19/2016 23:59,"000025",03/16/2016 13:20,"1","2","000025","Truck","DC_1",,,,338.25,869.31,75.70,,"15199","0",,
"94135","FG_01","DC_1","cz_8",,,93.00,"Routed",,03/16/2016 13:20,03/17/2016 00:00,03/16/2016 13:20,03/17/2016 00:00,01/01/2016 00:00,03/20/2016 17:55,03/17/2016 00:00,03/20/2016 23:59,"000025",03/16/2016 13:20,"1","3","000025","Truck","DC_1",,,,510.75,1104.07,76.00,,"15199","0",,
"93462","FG_01","DC_4","cz_6",,,100.00,"Routed",,04/26/2016 09:00,04/26/2016 14:27,04/26/2016 09:00,04/26/2016 14:27,01/01/2016 00:00,04/26/2016 18:31,04/23/2016 00:00,04/26/2016 23:59,"000026",04/26/2016 09:00,"1","2","000026","Truck","DC_4",,,,,463.70,116.60,,"79045","0",,
"93657","FG_01","DC_4","cz_6",,,98.00,"Routed",,04/26/2016 09:00,04/26/2016 14:27,04/26/2016 09:00,04/26/2016 14:27,01/01/2016 00:00,04/29/2016 18:31,04/26/2016 00:00,04/29/2016 23:59,"000026",04/26/2016 09:00,"1","2","000026","Truck","DC_4",,,,,454.42,116.60,,"79045","0",,
"93463","FG_01","DC_4","cz_1",,,100.00,"Routed",,04/26/2016 09:00,04/27/2016 00:00,04/26/2016 09:00,04/27/2016 00:00,01/01/2016 00:00,04/27/2016 19:44,04/24/2016 00:00,04/27/2016 23:59,"000026",04/26/2016 09:00,"1","3","000026","Truck","DC_4",,,,,463.70,117.00,,"79045","0",,
"94342","FG_01","DC_4","cz_1",,,91.00,"Routed",,04/26/2016 09:00,04/27/2016 00:00,04/26/2016 09:00,04/27/2016 00:00,01/01/2016 00:00,04/30/2016 19:44,04/27/2016 00:00,04/30/2016 23:59,"000026",04/26/2016 09:00,"1","3","000026","Truck","DC_4",,,,,421.96,117.00,,"79045","0",,
"93740","FG_01","DC_4","cz_5",,,97.00,"Routed",,04/26/2016 09:00,04/27/2016 04:32,04/26/2016 09:00,04/27/2016 04:32,01/01/2016 00:00,04/29/2016 19:02,04/26/2016 00:00,04/29/2016 23:59,"000026",04/26/2016 09:00,"1","4","000026","Truck","DC_4",,,,335.04,791.26,117.19,,"79045","0",,
"93643","FG_01","DC_4","cz_5",,,98.00,"Routed",,03/02/2016 19:03,03/03/2016 00:00,03/02/2016 19:03,03/03/2016 00:00,01/01/2016 00:00,03/06/2016 19:02,03/03/2016 00:00,03/06/2016 23:59,"000027",03/02/2016 19:03,"1","2","000027","Truck","DC_4",,,,1560.65,1560.65,62.00,,"79046","0",,
"94047","FG_01","DC_4","cz_1",,,94.00,"Routed",,04/20/2016 19:45,04/21/2016 00:00,04/20/2016 19:45,04/21/2016 00:00,01/01/2016 00:00,04/21/2016 19:44,04/18/2016 00:00,04/21/2016 23:59,"000028",04/20/2016 19:45,"1","2","000028","Truck","DC_4",,,,,558.39,111.00,,"79047","0",,
"94254","FG_01","DC_4","cz_1",,,92.00,"Routed",,04/20/2016 19:45,04/21/2016 00:00,04/20/2016 19:45,04/21/2016 00:00,01/01/2016 00:00,04/24/2016 19:44,04/21/2016 00:00,04/24/2016 23:59,"000028",04/20/2016 19:45,"1","2","000028","Truck","DC_4",,,,,546.51,111.00,,"79047","0",,
"94144","FG_01","DC_4","cz_6",,,93.00,"Routed",,04/20/2016 19:45,04/21/2016 09:32,04/20/2016 19:45,04/21/2016 09:32,01/01/2016 00:00,04/21/2016 18:31,04/18/2016 00:00,04/21/2016 23:59,"000028",04/20/2016 19:45,"1","3","000028","Truck","DC_4",,,,664.38,1074.47,111.40,,"79047","0",,
"94888","FG_01","DC_4","cz_5",,,84.00,"Routed",,03/20/2016 19:03,03/21/2016 00:00,03/20/2016 19:03,03/21/2016 00:00,01/01/2016 00:00,03/24/2016 19:02,03/21/2016 00:00,03/24/2016 23:59,"000029",03/20/2016 19:03,"1","2","000029","Truck","DC_4",,,,1560.65,1560.65,80.00,,"79048","0",,
"94610","FG_01","DC_4","cz_1",,,88.00,"Routed",,01/22/2016 05:21,01/22/2016 09:35,01/22/2016 05:21,01/22/2016 09:35,01/01/2016 00:00,01/24/2016 19:44,01/21/2016 00:00,01/24/2016 23:59,"000030",01/22/2016 05:21,"1","2","000030","Truck","DC_4",,,,289.37,696.67,21.40,,"79049","0",,
"93532","FG_01","DC_4","cz_5",,,99.00,"Routed",,01/22/2016 05:21,01/22/2016 14:08,01/22/2016 05:21,01/22/2016 14:08,01/01/2016 00:00,01/24/2016 19:02,01/21/2016 00:00,01/24/2016 23:59,"000030",01/22/2016 05:21,"1","3","000030","Truck","DC_4",,,,356.13,806.30,21.59,,"79049","0",,
"93823","FG_01","DC_4","cz_6",,,96.00,"Routed",,01/22/2016 05:21,01/23/2016 00:00,01/22/2016 05:21,01/23/2016 00:00,01/01/2016 00:00,01/26/2016 18:31,01/23/2016 00:00,01/26/2016 23:59,"000030",01/22/2016 05:21,"1","4","000030","Truck","DC_4",,,,685.48,1032.54,22.00,,"79049","0",,
"94237","FG_01","DC_4","cz_1",,,92.00,"Routed",,02/08/2016 15:12,02/08/2016 19:27,02/08/2016 15:12,02/08/2016 19:27,01/01/2016 00:00,02/08/2016 19:44,02/05/2016 00:00,02/08/2016 23:59,"000031",02/08/2016 15:12,"1","2","000031","Truck","DC_4",,,,,493.34,38.81,,"79050","0",,
"95010","FG_01","DC_4","cz_1",,,82.00,"Routed",,02/08/2016 15:12,02/08/2016 19:27,02/08/2016 15:12,02/08/2016 19:27,01/01/2016 00:00,02/11/2016 19:44,02/08/2016 00:00,02/11/2016 23:59,"000031",02/08/2016 15:12,"1","2","000031","Truck","DC_4",,,,,439.72,38.81,,"79050","0",,
"94813","FG_01","DC_4","cz_5",,,85.00,"Routed",,02/08/2016 15:12,02/09/2016 00:00,02/08/2016 15:12,02/09/2016 00:00,01/01/2016 00:00,02/09/2016 19:02,02/06/2016 00:00,02/09/2016 23:59,"000031",02/08/2016 15:12,"1","3","000031","Truck","DC_4",,,,,455.80,39.00,,"79050","0",,
"94750","FG_01","DC_4","cz_5",,,86.00,"Routed",,02/08/2016 15:12,02/09/2016 00:00,02/08/2016 15:12,02/09/2016 00:00,01/01/2016 00:00,02/12/2016 19:02,02/09/2016 00:00,02/12/2016 23:59,"000031",02/08/2016 15:12,"1","3","000031","Truck","DC_4",,,,,461.17,39.00,,"79050","0",,
"93734","FG_01","DC_4","cz_1",,,97.00,"Routed",,04/03/2016 00:00,04/03/2016 04:14,04/03/2016 00:00,04/03/2016 04:14,01/01/2016 00:00,04/03/2016 19:44,03/31/2016 00:00,04/03/2016 23:59,"000032",04/02/2016 23:59,"1","2","000032","Truck","DC_4",,,,,420.91,93.18,,"79051","0",,
"95209","FG_01","DC_4","cz_1",,,79.00,"Routed",,04/03/2016 00:00,04/03/2016 04:14,04/03/2016 00:00,04/03/2016 04:14,01/01/2016 00:00,04/06/2016 19:44,04/03/2016 00:00,04/06/2016 23:59,"000032",04/02/2016 23:59,"1","2","000032","Truck","DC_4",,,,,342.81,93.18,,"79051","0",,
"93735","FG_01","DC_4","cz_5",,,97.00,"Routed",,04/03/2016 00:00,04/05/2016 00:00,04/03/2016 00:00,04/05/2016 00:00,01/01/2016 00:00,04/05/2016 19:02,04/02/2016 00:00,04/05/2016 23:59,"000032",04/02/2016 23:59,"1","3","000032","Truck","DC_4",,,,,420.91,93.37,,"79051","0",,
"94890","FG_01","DC_4","cz_5",,,84.00,"Routed",,04/03/2016 00:00,04/05/2016 00:00,04/03/2016 00:00,04/05/2016 00:00,01/01/2016 00:00,04/08/2016 19:02,04/05/2016 00:00,04/08/2016 23:59,"000032",04/02/2016 23:59,"1","3","000032","Truck","DC_4",,,,,364.50,93.37,,"79051","0",,
"94889","FG_01","DC_4","cz_6",,,84.00,"Routed",,04/03/2016 00:00,04/05/2016 09:51,04/03/2016 00:00,04/05/2016 09:51,01/01/2016 00:00,04/06/2016 18:31,04/03/2016 00:00,04/06/2016 23:59,"000032",04/02/2016 23:59,"1","4","000032","Truck","DC_4",,,,685.48,986.38,95.41,,"79051","0",,
"93383","FG_01","DC_4","cz_5",,,200.00,"Routed",,09/14/2016 19:03,09/15/2016 00:00,09/14/2016 19:03,09/15/2016 00:00,01/01/2016 00:00,09/18/2016 19:02,09/15/2016 00:00,09/18/2016 23:59,"000033",09/14/2016 19:03,"1","2","000033","Truck","DC_4",,,,1560.65,1560.65,258.00,,"79052","0",,
"94821","FG_01","DC_4","cz_6",,,85.00,"Routed",,04/14/2016 04:27,04/14/2016 09:55,04/14/2016 04:27,04/14/2016 09:55,01/01/2016 00:00,04/14/2016 18:31,04/11/2016 00:00,04/14/2016 23:59,"000034",04/14/2016 04:27,"1","2","000034","Truck","DC_4",,,,745.01,994.32,104.41,,"79053","0",,
"93651","FG_01","DC_4","cz_1",,,98.00,"Routed",,04/14/2016 04:27,04/14/2016 19:27,04/14/2016 04:27,04/14/2016 19:27,01/01/2016 00:00,04/15/2016 19:44,04/12/2016 00:00,04/15/2016 23:59,"000034",04/14/2016 04:27,"1","3","000034","Truck","DC_4",,,,313.94,713.89,104.81,,"79053","0",,
"94045","FG_01","DC_4","cz_5",,,94.00,"Routed",,04/14/2016 04:27,04/15/2016 00:00,04/14/2016 04:27,04/15/2016 00:00,01/01/2016 00:00,04/15/2016 19:02,04/12/2016 00:00,04/15/2016 23:59,"000034",04/14/2016 04:27,"1","4","000034","Truck","DC_4",,,,,445.78,105.00,,"79053","0",,
"94143","FG_01","DC_4","cz_5",,,93.00,"Routed",,04/14/2016 04:27,04/15/2016 00:00,04/14/2016 04:27,04/15/2016 00:00,01/01/2016 00:00,04/18/2016 19:02,04/15/2016 00:00,04/18/2016 23:59,"000034",04/14/2016 04:27,"1","4","000034","Truck","DC_4",,,,,441.04,105.00,,"79053","0",,
"94321","FG_01","DC_4","cz_1",,,91.00,"Routed",,01/15/2016 05:21,01/15/2016 09:35,01/15/2016 05:21,01/15/2016 09:35,01/01/2016 00:00,01/15/2016 19:44,01/12/2016 00:00,01/15/2016 23:59,"000035",01/15/2016 05:21,"1","2","000035","Truck","DC_4",,,,,419.73,14.40,,"79054","0",,
"93820","FG_01","DC_4","cz_1",,,96.00,"Routed",,01/15/2016 05:21,01/15/2016 09:35,01/15/2016 05:21,01/15/2016 09:35,01/01/2016 00:00,01/18/2016 19:44,01/15/2016 00:00,01/18/2016 23:59,"000035",01/15/2016 05:21,"1","2","000035","Truck","DC_4",,,,,442.79,14.40,,"79054","0",,
"94808","FG_01","DC_4","cz_5",,,85.00,"Routed",,01/15/2016 05:21,01/15/2016 14:08,01/15/2016 05:21,01/15/2016 14:08,01/01/2016 00:00,01/15/2016 19:02,01/12/2016 00:00,01/15/2016 23:59,"000035",01/15/2016 05:21,"1","3","000035","Truck","DC_4",,,,356.13,678.62,14.59,,"79054","0",,
"93821","FG_01","DC_4","cz_6",,,96.00,"Routed",,01/15/2016 05:21,01/16/2016 00:00,01/15/2016 05:21,01/16/2016 00:00,01/01/2016 00:00,01/19/2016 18:31,01/16/2016 00:00,01/19/2016 23:59,"000035",01/15/2016 05:21,"1","4","000035","Truck","DC_4",,,,685.48,994.37,15.00,,"79054","0",,
"93379","FG_01","DC_4","cz_1",,,200.00,"Routed",,09/04/2016 19:45,09/05/2016 00:00,09/04/2016 19:45,09/05/2016 00:00,01/01/2016 00:00,09/08/2016 19:44,09/05/2016 00:00,09/08/2016 23:59,"000036",09/04/2016 19:45,"1","2","000036","Truck","DC_4",,,,289.37,907.45,248.00,,"79055","0",,
"93380","FG_01","DC_4","cz_5",,,200.00,"Routed",,09/04/2016 19:45,09/05/2016 04:32,09/04/2016 19:45,09/05/2016 04:32,01/01/2016 00:00,09/08/2016 19:02,09/05/2016 00:00,09/08/2016 23:59,"000036",09/04/2016 19:45,"1","3","000036","Truck","DC_4",,,,335.04,942.58,248.19,,"79055","0",,
"93833","FG_01","DC_4","cz_6",,,96.00,"Routed",,03/15/2016 18:32,03/16/2016 00:00,03/15/2016 18:32,03/16/2016 00:00,01/01/2016 00:00,03/19/2016 18:31,03/16/2016 00:00,03/19/2016 23:59,"000037",03/15/2016 18:32,"1","2","000037","Truck","DC_4",,,,1595.62,1595.62,75.00,,"79056","0",,
"93906","FG_01","DC_4","cz_1",,,95.00,"Routed",,01/03/2016 19:45,01/04/2016 00:00,01/03/2016 19:45,01/04/2016 00:00,01/01/2016 00:00,01/04/2016 19:44,01/01/2016 04:14,01/04/2016 23:59,"000038",01/03/2016 19:45,"1","2","000038","Truck","DC_4",,,,,430.23,3.00,,"79057","0",,
"93910","FG_01","DC_4","cz_1",,,95.00,"Routed",,01/03/2016 19:45,01/04/2016 00:00,01/03/2016 19:45,01/04/2016 00:00,01/01/2016 00:00,01/07/2016 19:44,01/04/2016 00:00,01/07/2016 23:59,"000038",01/03/2016 19:45,"1","2","000038","Truck","DC_4",,,,,430.23,3.00,,"79057","0",,
"93909","FG_01","DC_4","cz_5",,,95.00,"Routed",,01/03/2016 19:45,01/04/2016 04:32,01/03/2016 19:45,01/04/2016 04:32,01/01/2016 00:00,01/06/2016 19:02,01/03/2016 00:00,01/06/2016 23:59,"000038",01/03/2016 19:45,"1","3","000038","Truck","DC_4",,,,356.13,796.48,3.19,,"79057","0",,
"93433","FG_01","DC_4","cz_6",,,100.00,"Routed",,01/03/2016 19:45,01/04/2016 14:24,01/03/2016 19:45,01/04/2016 14:24,01/01/2016 00:00,01/04/2016 18:31,01/01/2016 05:27,01/04/2016 23:59,"000038",01/03/2016 19:45,"1","4","000038","Truck","DC_4",,,,,452.87,3.60,,"79057","0",,
"94017","FG_01","DC_4","cz_6",,,94.00,"Routed",,01/03/2016 19:45,01/04/2016 14:24,01/03/2016 19:45,01/04/2016 14:24,01/01/2016 00:00,01/07/2016 18:31,01/04/2016 00:00,01/07/2016 23:59,"000038",01/03/2016 19:45,"1","4","000038","Truck","DC_4",,,,,425.70,3.60,,"79057","0",,
"94248","FG_01","DC_4","cz_1",,,92.00,"Routed",,02/25/2016 19:45,02/26/2016 00:00,02/25/2016 19:45,02/26/2016 00:00,01/01/2016 00:00,02/29/2016 19:44,02/26/2016 00:00,02/29/2016 23:59,"000039",02/25/2016 19:45,"1","2","000039","Truck","DC_4",,,,289.37,718.64,56.00,,"79058","0",,
"93924","FG_01","DC_4","cz_5",,,95.00,"Routed",,02/25/2016 19:45,02/26/2016 04:32,02/25/2016 19:45,02/26/2016 04:32,01/01/2016 00:00,02/27/2016 19:02,02/24/2016 00:00,02/27/2016 23:59,"000039",02/25/2016 19:45,"1","3","000039","Truck","DC_4",,,,356.13,784.32,56.19,,"79058","0",,
"93831","FG_01","DC_4","cz_6",,,96.00,"Routed",,02/25/2016 19:45,02/26/2016 14:24,02/25/2016 19:45,02/26/2016 14:24,01/01/2016 00:00,02/29/2016 18:31,02/26/2016 00:00,02/29/2016 23:59,"000039",02/25/2016 19:45,"1","4","000039","Truck","DC_4",,,,685.48,1032.54,56.60,,"79058","0",,
"93553","FG_01","DC_4","cz_1",,,99.00,"Routed",,04/08/2016 10:13,04/08/2016 14:27,04/08/2016 10:13,04/08/2016 14:27,01/01/2016 00:00,04/09/2016 19:44,04/06/2016 00:00,04/09/2016 23:59,"000040",04/08/2016 10:13,"1","2","000040","Truck","DC_4",,,,583.76,1078.10,98.60,,"79059","0",,
"94140","FG_01","DC_4","cz_6",,,93.00,"Routed",,04/08/2016 10:13,04/09/2016 00:00,04/08/2016 10:13,04/09/2016 00:00,01/01/2016 00:00,04/12/2016 18:31,04/09/2016 00:00,04/12/2016 23:59,"000040",04/08/2016 10:13,"1","3","000040","Truck","DC_4",,,,,568.99,99.00,,"79059","0",,
"94691","FG_01","DC_4","cz_6",,,87.00,"Routed",,04/08/2016 10:13,04/09/2016 00:00,04/08/2016 10:13,04/09/2016 00:00,01/01/2016 00:00,04/09/2016 18:31,04/06/2016 00:00,04/09/2016 23:59,"000040",04/08/2016 10:13,"1","3","000040","Truck","DC_4",,,,,532.28,99.00,,"79059","0",,
"94125","FG_01","DC_4","cz_1",,,93.00,"Routed",,01/08/2016 19:45,01/09/2016 00:00,01/08/2016 19:45,01/09/2016 00:00,01/01/2016 00:00,01/10/2016 19:44,01/07/2016 00:00,01/10/2016 23:59,"000041",01/08/2016 19:45,"1","2","000041","Truck","DC_4",,,,,430.12,8.00,,"79060","0",,
"93911","FG_01","DC_4","cz_1",,,95.00,"Routed",,01/08/2016 19:45,01/09/2016 00:00,01/08/2016 19:45,01/09/2016 00:00,01/01/2016 00:00,01/12/2016 19:44,01/09/2016 00:00,01/12/2016 23:59,"000041",01/08/2016 19:45,"1","2","000041","Truck","DC_4",,,,,439.37,8.00,,"79060","0",,
"93816","FG_01","DC_4","cz_5",,,96.00,"Routed",,01/08/2016 19:45,01/09/2016 04:32,01/08/2016 19:45,01/09/2016 04:32,01/01/2016 00:00,01/12/2016 19:02,01/09/2016 00:00,01/12/2016 23:59,"000041",01/08/2016 19:45,"1","3","000041","Truck","DC_4",,,,356.13,730.56,8.19,,"79060","0",,
"94929","FG_01","DC_4","cz_6",,,83.00,"Routed",,01/08/2016 19:45,01/09/2016 14:24,01/08/2016 19:45,01/09/2016 14:24,01/01/2016 00:00,01/10/2016 18:31,01/07/2016 00:00,01/10/2016 23:59,"000041",01/08/2016 19:45,"1","4","000041","Truck","DC_4",,,,685.48,935.46,8.60,,"79060","0",,
"94029","FG_01","DC_4","cz_1",,,94.00,"Routed",,02/15/2016 09:54,02/15/2016 14:08,02/15/2016 09:54,02/15/2016 14:08,01/01/2016 00:00,02/17/2016 19:44,02/14/2016 00:00,02/17/2016 23:59,"000042",02/15/2016 09:54,"1","2","000042","Truck","DC_4",,,,289.37,760.50,45.59,,"79061","0",,
"94242","FG_01","DC_4","cz_5",,,92.00,"Routed",,02/15/2016 09:54,02/15/2016 18:41,02/15/2016 09:54,02/15/2016 18:41,01/01/2016 00:00,02/15/2016 19:02,02/12/2016 00:00,02/15/2016 23:59,"000042",02/15/2016 09:54,"1","3","000042","Truck","DC_4",,,,,444.96,45.78,,"79061","0",,
"94031","FG_01","DC_4","cz_5",,,94.00,"Routed",,02/15/2016 09:54,02/15/2016 18:41,02/15/2016 09:54,02/15/2016 18:41,01/01/2016 00:00,02/18/2016 19:02,02/15/2016 00:00,02/18/2016 23:59,"000042",02/15/2016 09:54,"1","3","000042","Truck","DC_4",,,,,454.63,45.78,,"79061","0",,
"93920","FG_01","DC_4","cz_6",,,95.00,"Routed",,02/15/2016 09:54,02/17/2016 00:00,02/15/2016 09:54,02/17/2016 00:00,01/01/2016 00:00,02/17/2016 18:31,02/14/2016 00:00,02/17/2016 23:59,"000042",02/15/2016 09:54,"1","4","000042","Truck","DC_4",,,,,459.47,46.19,,"79061","0",,
"94752","FG_01","DC_4","cz_6",,,86.00,"Routed",,02/15/2016 09:54,02/17/2016 00:00,02/15/2016 09:54,02/17/2016 00:00,01/01/2016 00:00,02/20/2016 18:31,02/17/2016 00:00,02/20/2016 23:59,"000042",02/15/2016 09:54,"1","4","000042","Truck","DC_4",,,,,415.94,46.19,,"79061","0",,
"93830","FG_01","DC_4","cz_1",,,96.00,"Routed",,02/19/2016 15:12,02/19/2016 19:27,02/19/2016 15:12,02/19/2016 19:27,01/01/2016 00:00,02/21/2016 19:44,02/18/2016 00:00,02/21/2016 23:59,"000043",02/19/2016 15:12,"1","2","000043","Truck","DC_4",,,,289.37,830.86,49.81,,"79062","0",,
"95320","FG_01","DC_4","cz_5",,,77.00,"Routed",,02/19/2016 15:12,02/20/2016 00:00,02/19/2016 15:12,02/20/2016 00:00,01/01/2016 00:00,02/21/2016 19:02,02/18/2016 00:00,02/21/2016 23:59,"000043",02/19/2016 15:12,"1","3","000043","Truck","DC_4",,,,,458.92,50.00,,"79062","0",,
"94033","FG_01","DC_4","cz_5",,,94.00,"Routed",,02/19/2016 15:12,02/20/2016 00:00,02/19/2016 15:12,02/20/2016 00:00,01/01/2016 00:00,02/23/2016 19:02,02/20/2016 00:00,02/23/2016 23:59,"000043",02/19/2016 15:12,"1","3","000043","Truck","DC_4",,,,,560.24,50.00,,"79062","0",,
"94748","FG_01","DC_6","cz_4",,,86.00,"Routed",,02/04/2016 21:57,02/05/2016 05:56,02/04/2016 21:57,02/05/2016 05:56,01/01/2016 00:00,02/08/2016 15:59,02/05/2016 00:00,02/08/2016 23:59,"000044",02/04/2016 21:57,"1","2","000044","Truck","DC_6",,,,1040.41,1481.89,35.25,,"126418","0",,
"93444","FG_01","DC_6","cz_3",,,100.00,"Routed",,02/04/2016 21:57,02/06/2016 00:00,02/04/2016 21:57,02/06/2016 00:00,01/01/2016 00:00,02/09/2016 13:10,02/06/2016 00:00,02/09/2016 23:59,"000044",02/04/2016 21:57,"1","3","000044","Truck","DC_6",,,,,809.90,36.00,,"126418","0",,
"94747","FG_01","DC_6","cz_3",,,86.00,"Routed",,02/04/2016 21:57,02/06/2016 00:00,02/04/2016 21:57,02/06/2016 00:00,01/01/2016 00:00,02/06/2016 13:10,02/03/2016 00:00,02/06/2016 23:59,"000044",02/04/2016 21:57,"1","3","000044","Truck","DC_6",,,,,696.51,36.00,,"126418","0",,
"93460","FG_01","DC_6","cz_3",,,100.00,"Routed",,04/15/2016 00:00,04/15/2016 10:48,04/15/2016 00:00,04/15/2016 10:48,01/01/2016 00:00,04/15/2016 13:10,04/12/2016 00:00,04/15/2016 23:59,"000045",04/14/2016 23:59,"1","2","000045","Truck","DC_6",,,,,846.47,105.45,,"126419","0",,
"93653","FG_01","DC_6","cz_3",,,98.00,"Routed",,04/15/2016 00:00,04/15/2016 10:48,04/15/2016 00:00,04/15/2016 10:48,01/01/2016 00:00,04/18/2016 13:10,04/15/2016 00:00,04/18/2016 23:59,"000045",04/14/2016 23:59,"1","2","000045","Truck","DC_6",,,,,829.54,105.45,,"126419","0",,
"94942","FG_01","DC_6","cz_4",,,83.00,"Routed",,04/15/2016 00:00,04/17/2016 00:00,04/15/2016 00:00,04/17/2016 00:00,01/01/2016 00:00,04/20/2016 15:59,04/17/2016 00:00,04/20/2016 23:59,"000045",04/14/2016 23:59,"1","3","000045","Truck","DC_6",,,,,702.57,106.20,,"126419","0",,
"94046","FG_01","DC_6","cz_4",,,94.00,"Routed",,04/15/2016 00:00,04/17/2016 00:00,04/15/2016 00:00,04/17/2016 00:00,01/01/2016 00:00,04/17/2016 15:59,04/14/2016 00:00,04/17/2016 23:59,"000045",04/14/2016 23:59,"1","3","000045","Truck","DC_6",,,,,795.68,106.20,,"126419","0",,
"94230","FG_01","DC_6","cz_3",,,92.00,"Routed",,01/08/2016 13:11,01/09/2016 00:00,01/08/2016 13:11,01/09/2016 00:00,01/01/2016 00:00,01/12/2016 13:10,01/09/2016 00:00,01/12/2016 23:59,"000046",01/08/2016 13:11,"1","2","000046","Truck","DC_6",,,,1947.89,1947.89,8.00,,"126420","0",,
"93815","FG_01","DC_6","cz_4",,,96.00,"Routed",,01/03/2016 16:00,01/04/2016 00:00,01/03/2016 16:00,01/04/2016 00:00,01/01/2016 00:00,01/07/2016 15:59,01/04/2016 00:00,01/07/2016 23:59,"000047",01/03/2016 16:00,"1","2","000047","Truck","DC_6",,,,1040.41,1427.62,3.00,,"126421","0",,
"93526","FG_01","DC_6","cz_3",,,99.00,"Routed",,01/03/2016 16:00,01/04/2016 18:03,01/03/2016 16:00,01/04/2016 18:03,01/01/2016 00:00,01/04/2016 13:10,01/01/2016 10:48,01/04/2016 23:59,"000047",01/03/2016 16:00,"1","3","000047","Truck","DC_6",,,,1226.38,1560.68,3.75,,"126421","0",,
"94247","FG_01","DC_6","cz_4",,,92.00,"Routed",,02/25/2016 21:57,02/26/2016 05:56,02/25/2016 21:57,02/26/2016 05:56,01/01/2016 00:00,02/26/2016 15:59,02/23/2016 00:00,02/26/2016 23:59,"000048",02/25/2016 21:57,"1","2","000048","Truck","DC_6",,,,1040.41,1517.03,56.25,,"126422","0",,
"94034","FG_01","DC_6","cz_3",,,94.00,"Routed",,02/25/2016 21:57,02/27/2016 00:00,02/25/2016 21:57,02/27/2016 00:00,01/01/2016 00:00,02/27/2016 13:10,02/24/2016 00:00,02/27/2016 23:59,"000048",02/25/2016 21:57,"1","3","000048","Truck","DC_6",,,,,747.56,57.00,,"126422","0",,
"94330","FG_01","DC_6","cz_3",,,91.00,"Routed",,02/25/2016 21:57,02/27/2016 00:00,02/25/2016 21:57,02/27/2016 00:00,01/01/2016 00:00,03/01/2016 13:10,02/27/2016 00:00,03/01/2016 23:59,"000048",02/25/2016 21:57,"1","3","000048","Truck","DC_6",,,,,723.71,57.00,,"126422","0",,
"93382","FG_01","DC_6","cz_3",,,200.00,"Routed",,09/13/2016 13:11,09/14/2016 00:00,09/13/2016 13:11,09/14/2016 00:00,01/01/2016 00:00,09/17/2016 13:10,09/14/2016 00:00,09/17/2016 23:59,"000049",09/13/2016 13:11,"1","2","000049","Truck","DC_6",,,,1947.89,1947.89,257.00,,"126423","0",,
"94690","FG_01","DC_6","cz_4",,,87.00,"Routed",,04/07/2016 16:00,04/08/2016 00:00,04/07/2016 16:00,04/08/2016 00:00,01/01/2016 00:00,04/08/2016 15:59,04/05/2016 00:00,04/08/2016 23:59,"000050",04/07/2016 16:00,"1","2","000050","Truck","DC_6",,,,,680.50,98.00,,"126424","0",,
"94043","FG_01","DC_6","cz_4",,,94.00,"Routed",,04/07/2016 16:00,04/08/2016 00:00,04/07/2016 16:00,04/08/2016 00:00,01/01/2016 00:00,04/11/2016 15:59,04/08/2016 00:00,04/11/2016 23:59,"000050",04/07/2016 16:00,"1","2","000050","Truck","DC_6",,,,,735.26,98.00,,"126424","0",,
"94622","FG_01","DC_6","cz_3",,,88.00,"Routed",,04/07/2016 16:00,04/08/2016 18:03,04/07/2016 16:00,04/08/2016 18:03,01/01/2016 00:00,04/08/2016 13:10,04/05/2016 00:00,04/08/2016 23:59,"000050",04/07/2016 16:00,"1","3","000050","Truck","DC_6",,,,1226.38,1572.54,98.75,,"126424","0",,
"93832","FG_01","DC_6","cz_4",,,96.00,"Routed",,03/06/2016 16:00,03/07/2016 00:00,03/06/2016 16:00,03/07/2016 00:00,01/01/2016 00:00,03/10/2016 15:59,03/07/2016 00:00,03/10/2016 23:59,"000051",03/06/2016 16:00,"1","2","000051","Truck","DC_6",,,,1761.92,1761.92,66.00,,"126425","0",,
"93722","FG_01","DC_6","cz_4",,,97.00,"Routed",,02/10/2016 16:00,02/11/2016 00:00,02/10/2016 16:00,02/11/2016 00:00,01/01/2016 00:00,02/14/2016 15:59,02/11/2016 00:00,02/14/2016 23:59,"000052",02/10/2016 16:00,"1","2","000052","Truck","DC_6",,,,1761.92,1761.92,41.00,,"126426","0",,
"94023","FG_01","DC_6","cz_4",,,94.00,"Routed",,01/19/2016 21:57,01/20/2016 05:56,01/19/2016 21:57,01/20/2016 05:56,01/01/2016 00:00,01/20/2016 15:59,01/17/2016 00:00,01/20/2016 23:59,"000053",01/19/2016 21:57,"1","2","000053","Truck","DC_6",,,,,725.84,19.25,,"126427","0",,
"93822","FG_01","DC_6","cz_4",,,96.00,"Routed",,01/19/2016 21:57,01/20/2016 05:56,01/19/2016 21:57,01/20/2016 05:56,01/01/2016 00:00,01/23/2016 15:59,01/20/2016 00:00,01/23/2016 23:59,"000053",01/19/2016 21:57,"1","2","000053","Truck","DC_6",,,,,741.28,19.25,,"126427","0",,
"93630","FG_01","DC_6","cz_3",,,98.00,"Routed",,01/19/2016 21:57,01/21/2016 00:00,01/19/2016 21:57,01/21/2016 00:00,01/01/2016 00:00,01/22/2016 13:10,01/19/2016 00:00,01/22/2016 23:59,"000053",01/19/2016 21:57,"1","3","000053","Truck","DC_6",,,,,756.73,20.00,,"126427","0",,
"93531","FG_01","DC_6","cz_3",,,99.00,"Routed",,01/19/2016 21:57,01/21/2016 00:00,01/19/2016 21:57,01/21/2016 00:00,01/01/2016 00:00,01/24/2016 13:10,01/21/2016 00:00,01/24/2016 23:59,"000053",01/19/2016 21:57,"1","3","000053","Truck","DC_6",,,,,764.45,20.00,,"126427","0",,
"94427","FG_01","DC_6","cz_4",,,90.00,"Routed",,03/30/2016 16:00,03/31/2016 00:00,03/30/2016 16:00,03/31/2016 00:00,01/01/2016 00:00,04/03/2016 15:59,03/31/2016 00:00,04/03/2016 23:59,"000054",03/30/2016 16:00,"1","2","000054","Truck","DC_6",,,,1761.92,1761.92,90.00,,"126428","0",,
"93473","FG_01","DC_6","cz_4",,,100.00,"Routed",,11/27/2016 16:00,11/28/2016 00:00,11/27/2016 16:00,11/28/2016 00:00,01/01/2016 00:00,12/01/2016 15:59,11/28/2016 00:00,12/01/2016 23:59,"000055",11/27/2016 16:00,"1","2","000055","Truck","DC_6",,,,1761.92,1761.92,332.00,,"126429","0",,
"94234","FG_01","DC_6","cz_4",,,92.00,"Routed",,01/26/2016 21:57,01/27/2016 05:56,01/26/2016 21:57,01/27/2016 05:56,01/01/2016 00:00,01/29/2016 15:59,01/26/2016 00:00,01/29/2016 23:59,"000056",01/26/2016 21:57,"1","2","000056","Truck","DC_6",,,,1040.41,1525.04,26.25,,"126430","0",,
"94129","FG_01","DC_6","cz_3",,,93.00,"Routed",,01/26/2016 21:57,01/28/2016 00:00,01/26/2016 21:57,01/28/2016 00:00,01/01/2016 00:00,01/28/2016 13:10,01/25/2016 00:00,01/28/2016 23:59,"000056",01/26/2016 21:57,"1","3","000056","Truck","DC_6",,,,,747.71,27.00,,"126430","0",,
"94508","FG_01","DC_6","cz_3",,,89.00,"Routed",,01/26/2016 21:57,01/28/2016 00:00,01/26/2016 21:57,01/28/2016 00:00,01/01/2016 00:00,01/31/2016 13:10,01/28/2016 00:00,01/31/2016 23:59,"000056",01/26/2016 21:57,"1","3","000056","Truck","DC_6",,,,,715.55,27.00,,"126430","0",,
"94020","FG_01","DC_6","cz_3",,,94.00,"Routed",,01/12/2016 13:11,01/13/2016 00:00,01/12/2016 13:11,01/13/2016 00:00,01/01/2016 00:00,01/16/2016 13:10,01/13/2016 00:00,01/16/2016 23:59,"000057",01/12/2016 13:11,"1","2","000057","Truck","DC_6",,,,1947.89,1947.89,12.00,,"126431","0",,
"93536","FG_01","DC_6","cz_4",,,99.00,"Routed",,01/30/2016 16:00,01/31/2016 00:00,01/30/2016 16:00,01/31/2016 00:00,01/01/2016 00:00,02/03/2016 15:59,01/31/2016 00:00,02/03/2016 23:59,"000058",01/30/2016 16:00,"1","2","000058","Truck","DC_6",,,,1761.92,1761.92,30.00,,"126432","0",,
"93542","FG_01","DC_6","cz_4",,,99.00,"Routed",,02/16/2016 16:00,02/17/2016 00:00,02/16/2016 16:00,02/17/2016 00:00,01/01/2016 00:00,02/20/2016 15:59,02/17/2016 00:00,02/20/2016 23:59,"000059",02/16/2016 16:00,"1","2","000059","Truck","DC_6",,,,1761.92,1761.92,47.00,,"126433","0",,
"94365","FG_01","DC_6","cz_4",,,91.00,"Routed",,12/01/2016 16:00,12/02/2016 00:00,12/01/2016 16:00,12/02/2016 00:00,01/01/2016 00:00,12/05/2016 15:59,12/02/2016 00:00,12/05/2016 23:59,"000060",12/01/2016 16:00,"1","2","000060","Truck","DC_6",,,,1761.92,1761.92,336.00,,"126434","0",,
"94341","FG_01","DC_6","cz_3",,,91.00,"Routed",,04/26/2016 13:11,04/27/2016 00:00,04/26/2016 13:11,04/27/2016 00:00,01/01/2016 00:00,04/27/2016 13:10,04/24/2016 00:00,04/27/2016 23:59,"000061",04/26/2016 13:11,"1","2","000061","Truck","DC_6",,,,,958.15,117.00,,"126435","0",,
"94049","FG_01","DC_6","cz_3",,,94.00,"Routed",,04/26/2016 13:11,04/27/2016 00:00,04/26/2016 13:11,04/27/2016 00:00,01/01/2016 00:00,04/30/2016 13:10,04/27/2016 00:00,04/30/2016 23:59,"000061",04/26/2016 13:11,"1","2","000061","Truck","DC_6",,,,,989.74,117.00,,"126435","0",,
